target,condition,model_idx,predicted_residue_number,reference_residue_number,predicted_residue_name,reference_residue_name,pLDDT,global_lddt,local_lddt,tm_score,rmsd
demo,cond1,0,2,2,SER,SER,95.0,1.0,,1.0,0.0
demo,cond1,0,3,3,ARG,ARG,95.0,1.0,,1.0,0.0
demo,cond1,0,4,4,PRO,PRO,95.0,1.0,,1.0,0.0
demo,cond1,0,5,5,HIS,HIS,95.0,1.0,,1.0,0.0
demo,cond1,0,6,6,VAL,VAL,95.0,1.0,,1.0,0.0
demo,cond1,0,7,7,PHE,PHE,95.0,1.0,,1.0,0.0
demo,cond1,0,8,8,PHE,PHE,95.0,1.0,,1.0,0.0
demo,cond1,0,9,9,ASP,ASP,95.0,1.0,,1.0,0.0
demo,cond1,0,10,10,ILE,ILE,95.0,1.0,1.0,1.0,0.0
demo,cond1,0,11,11,THR,THR,95.0,1.0,1.0,1.0,0.0
demo,cond1,0,12,12,ILE,ILE,95.0,1.0,1.0,1.0,0.0
demo,cond1,0,13,13,GLY,GLY,95.0,1.0,1.0,1.0,0.0
demo,cond1,0,14,14,GLY,GLY,95.0,1.0,1.0,1.0,0.0
demo,cond1,0,15,15,SER,SER,95.0,1.0,1.0,1.0,0.0
demo,cond1,0,16,16,ASN,ASN,95.0,1.0,1.0,1.0,0.0
demo,cond1,0,17,17,ALA,ALA,95.0,1.0,1.0,1.0,0.0
demo,cond1,0,18,18,GLY,GLY,95.0,1.0,1.0,1.0,0.0
demo,cond1,0,19,19,ARG,ARG,95.0,1.0,1.0,1.0,0.0
demo,cond1,0,20,20,ILE,ILE,95.0,1.0,1.0,1.0,0.0
demo,cond1,0,21,21,VAL,VAL,95.0,1.0,1.0,1.0,0.0
demo,cond1,0,22,22,MET,MET,95.0,1.0,1.0,1.0,0.0
demo,cond1,0,23,23,GLU,GLU,95.0,1.0,1.0,1.0,0.0
demo,cond1,0,24,24,LEU,LEU,95.0,1.0,1.0,1.0,0.0
demo,cond1,0,25,25,PHE,PHE,95.0,1.0,1.0,1.0,0.0
demo,cond1,0,26,26,ALA,ALA,95.0,1.0,1.0,1.0,0.0
demo,cond1,0,27,27,ASP,ASP,95.0,1.0,1.0,1.0,0.0
demo,cond1,0,28,28,ILE,ILE,95.0,1.0,1.0,1.0,0.0
demo,cond1,0,29,29,VAL,VAL,95.0,1.0,1.0,1.0,0.0
demo,cond1,0,30,30,PRO,PRO,95.0,1.0,1.0,1.0,0.0
demo,cond1,0,31,31,LYS,LYS,95.0,1.0,1.0,1.0,0.0
demo,cond1,0,32,32,THR,THR,95.0,1.0,1.0,1.0,0.0
demo,cond1,0,33,33,ALA,ALA,95.0,1.0,1.0,1.0,0.0
demo,cond1,0,34,34,GLU,GLU,95.0,1.0,1.0,1.0,0.0
demo,cond1,0,35,35,ASN,ASN,95.0,1.0,1.0,1.0,0.0
demo,cond1,0,36,36,PHE,PHE,95.0,1.0,1.0,1.0,0.0
demo,cond1,0,37,37,ARG,ARG,95.0,1.0,1.0,1.0,0.0
demo,cond1,0,38,38,CYS,CYS,95.0,1.0,1.0,1.0,0.0
demo,cond1,0,39,39,LEU,LEU,95.0,1.0,1.0,1.0,0.0
demo,cond1,0,40,40,CYS,CYS,95.0,1.0,1.0,1.0,0.0
demo,cond1,0,41,41,THR,THR,95.0,1.0,1.0,1.0,0.0
demo,cond1,0,42,42,GLY,GLY,95.0,1.0,1.0,1.0,0.0
demo,cond1,0,43,43,GLU,GLU,95.0,1.0,1.0,1.0,0.0
demo,cond1,0,44,44,ARG,ARG,95.0,1.0,1.0,1.0,0.0
demo,cond1,0,45,45,GLY,GLY,95.0,1.0,1.0,1.0,0.0
demo,cond1,0,46,46,MET,MET,95.0,1.0,1.0,1.0,0.0
demo,cond1,0,47,47,GLY,GLY,95.0,1.0,1.0,1.0,0.0
demo,cond1,0,48,48,ARG,ARG,95.0,1.0,1.0,1.0,0.0
demo,cond1,0,49,49,SER,SER,95.0,1.0,1.0,1.0,0.0
demo,cond1,0,50,50,GLY,GLY,95.0,1.0,1.0,1.0,0.0
demo,cond1,0,51,51,LYS,LYS,95.0,1.0,1.0,1.0,0.0
demo,cond1,0,52,52,LYS,LYS,95.0,1.0,1.0,1.0,0.0
demo,cond1,0,53,53,LEU,LEU,95.0,1.0,1.0,1.0,0.0
demo,cond1,0,54,54,HIS,HIS,95.0,1.0,1.0,1.0,0.0
demo,cond1,0,55,55,TYR,TYR,95.0,1.0,1.0,1.0,0.0
demo,cond1,0,56,56,LYS,LYS,95.0,1.0,1.0,1.0,0.0
demo,cond1,0,57,57,GLY,GLY,95.0,1.0,1.0,1.0,0.0
demo,cond1,0,58,58,SER,SER,95.0,1.0,1.0,1.0,0.0
demo,cond1,0,59,59,LYS,LYS,95.0,1.0,1.0,1.0,0.0
demo,cond1,0,60,60,PHE,PHE,95.0,1.0,1.0,1.0,0.0
demo,cond1,0,61,61,HIS,HIS,95.0,1.0,1.0,1.0,0.0
demo,cond1,0,62,62,ARG,ARG,95.0,1.0,1.0,1.0,0.0
demo,cond1,0,63,63,VAL,VAL,95.0,1.0,1.0,1.0,0.0
demo,cond1,0,64,64,ILE,ILE,95.0,1.0,1.0,1.0,0.0
demo,cond1,0,65,65,PRO,PRO,95.0,1.0,1.0,1.0,0.0
demo,cond1,0,66,66,ASN,ASN,95.0,1.0,1.0,1.0,0.0
demo,cond1,0,67,67,PHE,PHE,95.0,1.0,1.0,1.0,0.0
demo,cond1,0,68,68,MET,MET,95.0,1.0,1.0,1.0,0.0
demo,cond1,0,69,69,LEU,LEU,95.0,1.0,1.0,1.0,0.0
demo,cond1,0,70,70,GLN,GLN,95.0,1.0,1.0,1.0,0.0
demo,cond1,0,71,71,GLY,GLY,95.0,1.0,1.0,1.0,0.0
demo,cond1,0,72,72,GLY,GLY,95.0,1.0,1.0,1.0,0.0
demo,cond1,0,73,73,ASP,ASP,95.0,1.0,1.0,1.0,0.0
demo,cond1,0,74,74,PHE,PHE,95.0,1.0,1.0,1.0,0.0
demo,cond1,0,75,75,THR,THR,95.0,1.0,1.0,1.0,0.0
demo,cond1,0,76,76,ARG,ARG,95.0,1.0,1.0,1.0,0.0
demo,cond1,0,77,77,GLY,GLY,95.0,1.0,1.0,1.0,0.0
demo,cond1,0,78,78,ASN,ASN,95.0,1.0,1.0,1.0,0.0
demo,cond1,0,79,79,GLY,GLY,95.0,1.0,1.0,1.0,0.0
demo,cond1,0,80,80,THR,THR,95.0,1.0,1.0,1.0,0.0
demo,cond1,0,81,81,GLY,GLY,95.0,1.0,1.0,1.0,0.0
demo,cond1,0,82,82,GLY,GLY,95.0,1.0,1.0,1.0,0.0
demo,cond1,0,83,83,GLU,GLU,95.0,1.0,1.0,1.0,0.0
demo,cond1,0,84,84,SER,SER,95.0,1.0,1.0,1.0,0.0
demo,cond1,0,85,85,ILE,ILE,95.0,1.0,1.0,1.0,0.0
demo,cond1,0,86,86,TYR,TYR,95.0,1.0,1.0,1.0,0.0
demo,cond1,0,87,87,GLY,GLY,95.0,1.0,1.0,1.0,0.0
demo,cond1,0,88,88,GLU,GLU,95.0,1.0,1.0,1.0,0.0
demo,cond1,0,89,89,LYS,LYS,95.0,1.0,1.0,1.0,0.0
demo,cond1,0,90,90,PHE,PHE,95.0,1.0,1.0,1.0,0.0
demo,cond1,0,91,91,PRO,PRO,95.0,1.0,1.0,1.0,0.0
demo,cond1,0,92,92,ASP,ASP,95.0,1.0,1.0,1.0,0.0
demo,cond1,0,93,93,GLU,GLU,95.0,1.0,1.0,1.0,0.0
demo,cond1,0,94,94,ASN,ASN,95.0,1.0,1.0,1.0,0.0
demo,cond1,0,95,95,PHE,PHE,95.0,1.0,1.0,1.0,0.0
demo,cond1,0,96,96,GLN,GLN,95.0,1.0,1.0,1.0,0.0
demo,cond1,0,97,97,GLU,GLU,95.0,1.0,1.0,1.0,0.0
demo,cond1,0,98,98,LYS,LYS,95.0,1.0,1.0,1.0,0.0
demo,cond1,0,99,99,HIS,HIS,95.0,1.0,1.0,1.0,0.0
demo,cond1,0,100,100,THR,THR,95.0,1.0,1.0,1.0,0.0
demo,cond1,0,101,101,GLY,GLY,95.0,1.0,1.0,1.0,0.0
demo,cond1,0,102,102,PRO,PRO,95.0,1.0,1.0,1.0,0.0
demo,cond1,0,103,103,GLY,GLY,95.0,1.0,1.0,1.0,0.0
demo,cond1,0,104,104,VAL,VAL,95.0,1.0,1.0,1.0,0.0
demo,cond1,0,105,105,LEU,LEU,95.0,1.0,1.0,1.0,0.0
demo,cond1,0,106,106,SER,SER,95.0,1.0,1.0,1.0,0.0
demo,cond1,0,107,107,MET,MET,95.0,1.0,1.0,1.0,0.0
demo,cond1,0,108,108,ALA,ALA,95.0,1.0,1.0,1.0,0.0
demo,cond1,0,109,109,ASN,ASN,95.0,1.0,1.0,1.0,0.0
demo,cond1,0,110,110,ALA,ALA,95.0,1.0,1.0,1.0,0.0
demo,cond1,0,111,111,GLY,GLY,95.0,1.0,1.0,1.0,0.0
demo,cond1,0,112,112,PRO,PRO,95.0,1.0,1.0,1.0,0.0
demo,cond1,0,113,113,ASN,ASN,95.0,1.0,1.0,1.0,0.0
demo,cond1,0,114,114,THR,THR,95.0,1.0,1.0,1.0,0.0
demo,cond1,0,115,115,ASN,ASN,95.0,1.0,1.0,1.0,0.0
demo,cond1,0,116,116,GLY,GLY,95.0,1.0,1.0,1.0,0.0
demo,cond1,0,117,117,SER,SER,95.0,1.0,1.0,1.0,0.0
demo,cond1,0,118,118,GLN,GLN,95.0,1.0,1.0,1.0,0.0
demo,cond1,0,119,119,PHE,PHE,95.0,1.0,1.0,1.0,0.0
demo,cond1,0,120,120,PHE,PHE,95.0,1.0,1.0,1.0,0.0
demo,cond1,0,121,121,ILE,ILE,95.0,1.0,1.0,1.0,0.0
demo,cond1,0,122,122,CYS,CYS,95.0,1.0,1.0,1.0,0.0
demo,cond1,0,123,123,THR,THR,95.0,1.0,1.0,1.0,0.0
demo,cond1,0,124,124,ALA,ALA,95.0,1.0,1.0,1.0,0.0
demo,cond1,0,125,125,LYS,LYS,95.0,1.0,1.0,1.0,0.0
demo,cond1,0,126,126,THR,THR,95.0,1.0,1.0,1.0,0.0
demo,cond1,0,127,127,GLU,GLU,95.0,1.0,1.0,1.0,0.0
demo,cond1,0,128,128,TRP,TRP,95.0,1.0,1.0,1.0,0.0
demo,cond1,0,129,129,LEU,LEU,95.0,1.0,1.0,1.0,0.0
demo,cond1,0,130,130,ASP,ASP,95.0,1.0,1.0,1.0,0.0
demo,cond1,0,131,131,GLY,GLY,95.0,1.0,1.0,1.0,0.0
demo,cond1,0,132,132,LYS,LYS,95.0,1.0,1.0,1.0,0.0
demo,cond1,0,133,133,HIS,HIS,95.0,1.0,1.0,1.0,0.0
demo,cond1,0,134,134,VAL,VAL,95.0,1.0,1.0,1.0,0.0
demo,cond1,0,135,135,VAL,VAL,95.0,1.0,1.0,1.0,0.0
demo,cond1,0,136,136,PHE,PHE,95.0,1.0,1.0,1.0,0.0
demo,cond1,0,137,137,GLY,GLY,95.0,1.0,1.0,1.0,0.0
demo,cond1,0,138,138,ARG,ARG,95.0,1.0,1.0,1.0,0.0
demo,cond1,0,139,139,VAL,VAL,95.0,1.0,1.0,1.0,0.0
demo,cond1,0,140,140,VAL,VAL,95.0,1.0,1.0,1.0,0.0
demo,cond1,0,141,141,GLU,GLU,95.0,1.0,1.0,1.0,0.0
demo,cond1,0,142,142,GLY,GLY,95.0,1.0,1.0,1.0,0.0
demo,cond1,0,143,143,MET,MET,95.0,1.0,1.0,1.0,0.0
demo,cond1,0,144,144,ASN,ASN,95.0,1.0,1.0,1.0,0.0
demo,cond1,0,145,145,VAL,VAL,95.0,1.0,1.0,1.0,0.0
demo,cond1,0,146,146,VAL,VAL,95.0,1.0,1.0,1.0,0.0
demo,cond1,0,147,147,LYS,LYS,95.0,1.0,1.0,1.0,0.0
demo,cond1,0,148,148,ALA,ALA,95.0,1.0,1.0,1.0,0.0
demo,cond1,0,149,149,VAL,VAL,95.0,1.0,1.0,1.0,0.0
demo,cond1,0,150,150,GLU,GLU,95.0,1.0,1.0,1.0,0.0
demo,cond1,0,151,151,SER,SER,95.0,1.0,1.0,1.0,0.0
demo,cond1,0,152,152,LYS,LYS,95.0,1.0,1.0,1.0,0.0
demo,cond1,0,153,153,GLY,GLY,95.0,1.0,1.0,1.0,0.0
demo,cond1,0,154,154,SER,SER,95.0,1.0,1.0,1.0,0.0
demo,cond1,0,155,155,GLN,GLN,95.0,1.0,1.0,1.0,0.0
demo,cond1,0,156,156,SER,SER,95.0,1.0,1.0,1.0,0.0
demo,cond1,0,157,157,GLY,GLY,95.0,1.0,1.0,1.0,0.0
demo,cond1,0,158,158,ARG,ARG,95.0,1.0,1.0,1.0,0.0
demo,cond1,0,159,159,THR,THR,95.0,1.0,1.0,1.0,0.0
demo,cond1,0,160,160,SER,SER,95.0,1.0,1.0,1.0,0.0
demo,cond1,0,161,161,ALA,ALA,95.0,1.0,1.0,1.0,0.0
demo,cond1,0,162,162,ASP,ASP,95.0,1.0,1.0,1.0,0.0
demo,cond1,0,163,163,ILE,ILE,95.0,1.0,1.0,1.0,0.0
demo,cond1,0,164,164,VAL,VAL,95.0,1.0,1.0,1.0,0.0
demo,cond1,0,165,165,ILE,ILE,95.0,1.0,1.0,1.0,0.0
demo,cond1,0,166,166,ALA,ALA,95.0,1.0,1.0,1.0,0.0
demo,cond1,0,167,167,ASP,ASP,95.0,1.0,1.0,1.0,0.0
demo,cond1,0,168,168,CYS,CYS,95.0,1.0,1.0,1.0,0.0
demo,cond1,0,169,169,GLY,GLY,95.0,1.0,1.0,1.0,0.0
demo,cond1,0,170,170,GLN,GLN,95.0,1.0,1.0,1.0,0.0
demo,cond1,0,171,171,LEU,LEU,95.0,1.0,1.0,1.0,0.0
